<?xml version="1.0" encoding="UTF-8"?>
<project-private xmlns="http://www.netbeans.org/ns/project-private/1">
    <editor-bookmarks xmlns="http://www.netbeans.org/ns/editor-bookmarks/2" lastBookmarkId="0"/>
    <open-files xmlns="http://www.netbeans.org/ns/projectui-open-files/2">
        <group>
            <file>file:/C:/Users/Higor%20Felype/Desktop/Pratica_Alg_Dijkstra/src/ColoredPoint2D.java</file>
            <file>file:/C:/Users/Higor%20Felype/Desktop/Pratica_Alg_Dijkstra/src/Test4.java</file>
            <file>file:/C:/Users/Higor%20Felype/Desktop/Pratica_Alg_Dijkstra/src/Dijkstra.java</file>
            <file>file:/C:/Users/Higor%20Felype/Desktop/Pratica_Alg_Dijkstra/src/Node.java</file>
            <file>file:/C:/Users/Higor%20Felype/Desktop/Pratica_Alg_Dijkstra/src/Test1.java</file>
            <file>file:/C:/Users/Higor%20Felype/Desktop/Pratica_Alg_Dijkstra/src/Test2.java</file>
            <file>file:/C:/Users/Higor%20Felype/Desktop/Pratica_Alg_Dijkstra/src/ColoredSegment2D.java</file>
            <file>file:/C:/Users/Higor%20Felype/Desktop/Pratica_Alg_Dijkstra/src/Graph.java</file>
            <file>file:/C:/Users/Higor%20Felype/Desktop/Pratica_Alg_Dijkstra/src/Fenetre.java</file>
            <file>file:/C:/Users/Higor%20Felype/Desktop/Pratica_Alg_Dijkstra/src/Test3.java</file>
            <file>file:/C:/Users/Higor%20Felype/Desktop/Pratica_Alg_Dijkstra/src/Arc.java</file>
        </group>
    </open-files>
</project-private>
